sample,cpu_usage,active_workers
0,0,0
1,10,1
2,10,1
3,20,2
4,20,2
5,55,3
6,90,4
7,90,4
8,100,5
9,100,5
10,100,5
11,100,5
12,100,5
13,100,5
14,100,5
15,100,5
16,100,5
17,100,5
18,100,5
19,100,5
20,100,5
21,100,5
22,100,5
23,100,5
24,95,7
25,95,7
26,70,7
27,70,7
28,95,7
29,95,7
30,95,7
31,95,7
32,95,7
33,95,7
34,95,7
35,95,7
36,95,7
37,95,7
38,95,7
39,95,7
40,95,7
41,95,7
42,95,7
43,95,7
44,85,6
45,75,5
46,75,5
47,95,7
48,95,7
49,95,7
50,95,7
51,95,7
52,95,7
53,95,7
54,95,7
55,95,7
56,95,7
57,95,7
58,95,7
59,95,7
60,95,7
61,95,7
62,95,7
63,100,5
64,100,5
65,100,5
66,100,5
67,80,3
68,80,3
69,80,3
70,80,3
71,80,3
72,80,3
73,80,3
74,80,3
75,80,3
76,80,3
77,80,3
78,80,3
79,80,3
80,80,3
81,80,3
82,80,3
83,100,5
84,100,5
85,100,5
86,100,5
87,75,5
88,75,5
89,75,5
90,75,5
91,75,5
92,75,5
93,75,5
94,75,5
95,75,5
96,75,5
97,75,5
98,75,5
99,75,5
100,75,5
101,75,5
102,75,5
103,100,5
104,100,5
105,100,5
106,90,4
107,90,4
108,90,4
109,90,4
110,90,4
111,90,4
112,90,4
113,90,4
114,90,4
115,90,4
116,90,4
117,90,4
118,90,4
119,90,4
120,90,4
121,90,4
122,90,4
123,90,4
124,90,4
125,90,4
126,90,4
127,90,4
128,90,4
129,90,4
130,90,4
131,90,4
132,90,4
133,90,4
134,90,4
135,90,4
136,90,4
137,90,4
138,90,4
139,90,4
140,90,4
141,90,4
142,100,5
143,100,5
144,100,5
145,100,5
146,100,5
147,100,5
148,100,5
149,100,5
150,100,5
151,100,5
152,100,5
153,100,5
154,100,5
155,100,5
156,100,5
157,100,5
158,100,5
159,100,5
160,100,5
161,100,5
162,50,5
163,50,5
164,50,5
165,50,5
166,50,5
167,50,5
168,50,5
169,50,5
170,50,5
171,50,5
172,50,5
173,50,5
174,50,5
175,50,5
176,50,5
177,50,5
178,50,5
179,50,5
180,50,5
181,50,5
182,100,5
183,100,5
184,100,5
185,100,5
186,100,5
187,100,5
188,100,5
189,100,5
190,100,5
191,100,5
192,100,5
193,100,5
194,100,5
195,100,5
196,100,5
197,100,5
198,100,5
199,100,5
200,100,5
201,75,5
202,75,5
203,75,5
204,75,5
205,75,5
206,75,5
207,75,5
208,75,5
209,75,5
210,75,5
211,75,5
212,75,5
213,75,5
214,75,5
215,75,5
216,75,5
217,75,5
218,75,5
219,75,5
220,75,5
221,100,5
222,100,5
223,100,5
224,100,5
225,100,5
226,100,5
227,100,5
228,100,5
229,100,5
230,100,5
231,100,5
232,100,5
233,100,5
234,100,5
235,100,5
236,100,5
237,100,5
238,100,5
239,100,5
240,100,5
241,100,5
242,100,5
243,100,5
244,100,5
245,100,5
246,100,5
247,100,5
248,100,5
249,100,5
250,100,5
251,100,5
252,100,5
253,100,5
254,100,5
255,100,5
256,100,5
257,100,5
258,100,5
259,100,5
260,75,5
261,75,5
262,75,5
263,75,5
264,75,5
265,75,5
266,75,5
267,75,5
268,75,5
269,75,5
270,75,5
271,75,5
272,75,5
273,75,5
274,75,5
275,75,5
276,75,5
277,75,5
278,75,5
279,75,5
280,50,5
281,50,5
282,50,5
283,50,5
284,50,5
285,50,5
286,50,5
287,50,5
288,50,5
289,50,5
290,50,5
291,50,5
292,50,5
293,50,5
294,50,5
295,50,5
296,50,5
297,50,5
298,50,5
299,50,5
300,75,5
301,75,5
302,75,5
303,75,5
304,75,5
305,75,5
306,75,5
307,75,5
308,75,5
309,75,5
310,75,5
311,75,5
312,75,5
313,75,5
314,75,5
315,75,5
316,75,5
317,75,5
318,75,5
319,75,5
320,75,5
321,75,5
322,75,5
323,75,5
324,75,5
325,75,5
326,75,5
327,75,5
328,75,5
329,75,5
330,75,5
331,75,5
332,75,5
333,75,5
334,75,5
335,75,5
336,75,5
337,75,5
338,75,5
339,75,5
340,75,5
341,75,5
342,75,5
343,75,5
344,75,5
345,75,5
346,75,5
347,75,5
348,75,5
349,75,5
350,75,5
351,75,5
352,75,5
353,75,5
354,75,5
355,75,5
356,75,5
357,75,5
358,75,5
359,90,4
360,90,4
361,90,4
362,90,4
363,90,4
364,90,4
365,90,4
366,90,4
367,90,4
368,90,4
369,90,4
370,90,4
371,90,4
372,90,4
373,90,4
374,90,4
375,90,4
376,90,4
377,90,4
378,100,5
379,100,5
380,100,5
381,100,5
382,100,5
383,100,5
384,100,5
385,100,5
386,100,5
387,100,5
388,100,5
389,100,5
390,100,5
391,100,5
392,100,5
393,100,5
394,100,5
395,100,5
396,100,5
397,100,5
398,100,5
399,100,5
400,100,5
401,100,5
402,100,5
403,100,5
404,100,5
405,100,5
406,100,5
407,100,5
408,100,5
409,100,5
410,100,5
411,100,5
412,100,5
413,100,5
414,100,5
415,100,5
416,100,5
417,100,5
418,100,5
419,100,5
420,100,5
421,100,5
422,100,5
423,100,5
424,100,5
425,100,5
426,100,5
427,100,5
428,100,5
429,100,5
430,100,5
431,100,5
432,100,5
433,100,5
434,100,5
435,100,5
436,100,5
437,80,3
438,80,3
439,80,3
440,80,3
441,80,3
442,80,3
443,80,3
444,80,3
445,80,3
446,80,3
447,80,3
448,80,3
449,80,3
450,80,3
451,80,3
452,80,3
453,80,3
454,80,3
455,80,3
456,80,3
457,100,5
458,100,5
459,100,5
460,100,5
461,100,5
462,100,5
463,100,5
464,100,5
465,100,5
466,100,5
467,100,5
468,100,5
469,100,5
470,100,5
471,100,5
472,100,5
473,100,5
474,100,5
475,100,5
476,75,5
477,75,5
478,75,5
479,75,5
480,75,5
481,75,5
482,75,5
483,75,5
484,75,5
485,75,5
486,75,5
487,75,5
488,75,5
489,75,5
490,75,5
491,75,5
492,75,5
493,75,5
494,75,5
495,75,5
496,75,5
497,75,5
498,75,5
499,75,5
500,75,5
501,75,5
502,75,5
503,75,5
504,75,5
505,75,5
506,75,5
507,75,5
508,75,5
509,75,5
510,75,5
511,75,5
512,75,5
513,75,5
514,75,5
515,75,5
516,50,5
517,50,5
518,50,5
519,50,5
520,50,5
521,50,5
522,50,5
523,50,5
524,50,5
525,50,5
526,50,5
527,50,5
528,50,5
529,50,5
530,50,5
531,50,5
532,50,5
533,50,5
534,50,5
535,50,5
536,100,5
537,100,5
538,100,5
539,100,5
540,100,5
541,100,5
542,100,5
543,100,5
544,100,5
545,100,5
546,100,5
547,100,5
548,100,5
549,100,5
550,100,5
551,100,5
552,100,5
553,100,5
554,100,5
555,75,5
556,75,5
557,75,5
558,75,5
559,75,5
560,75,5
561,75,5
562,75,5
563,75,5
564,75,5
565,75,5
566,75,5
567,75,5
568,75,5
569,75,5
570,75,5
571,75,5
572,75,5
573,75,5
574,75,5
575,50,5
576,50,5
577,50,5
578,50,5
579,50,5
580,50,5
581,50,5
582,50,5
583,50,5
584,50,5
585,50,5
586,50,5
587,50,5
588,50,5
589,50,5
590,50,5
591,50,5
592,50,5
593,50,5
594,50,5
595,75,5
596,75,5
597,75,5
598,75,5
599,75,5
600,75,5
601,75,5
602,75,5
603,75,5
604,75,5
605,75,5
606,75,5
607,75,5
608,75,5
609,75,5
610,75,5
611,75,5
612,75,5
613,75,5
614,100,5
615,100,5
616,100,5
617,100,5
618,100,5
619,100,5
620,100,5
621,100,5
622,100,5
623,100,5
624,100,5
625,100,5
626,100,5
627,100,5
628,100,5
629,100,5
630,100,5
631,100,5
632,100,5
633,100,5
634,100,5
635,100,5
636,100,5
637,100,5
638,100,5
639,100,5
640,100,5
641,100,5
642,100,5
643,100,5
644,100,5
645,100,5
646,100,5
647,100,5
648,100,5
649,100,5
650,100,5
651,100,5
652,100,5
653,100,5
654,100,5
655,100,5
656,100,5
657,100,5
658,100,5
659,100,5
660,100,5
661,100,5
662,100,5
663,100,5
664,100,5
665,100,5
666,100,5
667,100,5
668,100,5
669,100,5
670,100,5
671,100,5
672,100,5
673,75,5
674,75,5
675,75,5
676,75,5
677,75,5
678,75,5
679,75,5
680,75,5
681,75,5
682,75,5
683,75,5
684,75,5
685,75,5
686,75,5
687,75,5
688,75,5
689,75,5
690,75,5
691,75,5
692,75,5
693,75,5
694,75,5
695,75,5
696,75,5
697,75,5
698,75,5
699,75,5
700,75,5
701,75,5
702,75,5
703,75,5
704,75,5
705,75,5
706,75,5
707,75,5
708,75,5
709,75,5
710,75,5
711,75,5
712,75,5
713,100,5
714,100,5
715,100,5
716,100,5
717,100,5
718,100,5
719,100,5
720,100,5
721,100,5
722,100,5
723,100,5
724,100,5
725,100,5
726,100,5
727,100,5
728,100,5
729,100,5
730,100,5
731,100,5
732,75,5
733,75,5
734,75,5
735,75,5
736,75,5
737,75,5
738,75,5
739,75,5
740,75,5
741,75,5
742,75,5
743,75,5
744,75,5
745,75,5
746,75,5
747,75,5
748,75,5
749,75,5
750,75,5
751,75,5
752,100,5
753,100,5
754,100,5
755,100,5
756,100,5
757,100,5
758,100,5
759,100,5
760,100,5
761,100,5
762,100,5
763,100,5
764,100,5
765,100,5
766,100,5
767,100,5
768,100,5
769,100,5
770,100,5
771,100,5
772,70,2
773,70,2
774,70,2
775,70,2
776,70,2
777,70,2
778,70,2
779,70,2
780,70,2
781,70,2
782,70,2
783,70,2
784,70,2
785,70,2
786,70,2
787,70,2
788,70,2
789,70,2
790,70,2
791,100,5
792,75,5
793,75,5
794,75,5
795,75,5
796,75,5
797,75,5
798,75,5
799,75,5
800,75,5
801,75,5
802,75,5
803,75,5
804,75,5
805,75,5
806,75,5
807,75,5
808,75,5
809,75,5
810,75,5
811,100,5
812,100,5
813,100,5
814,100,5
815,100,5
816,100,5
817,100,5
818,100,5
819,100,5
820,100,5
821,100,5
822,100,5
823,100,5
824,100,5
825,100,5
826,100,5
827,100,5
828,100,5
829,100,5
830,100,5
831,75,5
832,75,5
833,75,5
834,75,5
835,75,5
836,75,5
837,75,5
838,75,5
839,75,5
840,75,5
841,75,5
842,75,5
843,75,5
844,75,5
845,75,5
846,75,5
847,75,5
848,75,5
849,75,5
850,75,5
851,90,4
852,90,4
853,90,4
854,90,4
855,90,4
856,90,4
857,90,4
858,90,4
859,90,4
860,90,4
861,90,4
862,90,4
863,90,4
864,90,4
865,90,4
866,90,4
867,90,4
868,90,4
869,90,4
870,75,5
871,75,5
872,75,5
873,75,5
874,75,5
875,75,5
876,75,5
877,75,5
878,75,5
879,75,5
880,75,5
881,75,5
882,75,5
883,75,5
884,75,5
885,75,5
886,75,5
887,75,5
888,75,5
889,75,5
890,100,5
891,100,5
892,100,5
893,100,5
894,100,5
895,100,5
896,100,5
897,100,5
898,100,5
899,100,5
900,100,5
901,100,5
902,100,5
903,100,5
904,100,5
905,100,5
906,100,5
907,100,5
908,100,5
909,100,5
910,80,3
911,80,3
912,80,3
913,80,3
914,80,3
915,80,3
916,80,3
917,80,3
918,80,3
919,80,3
920,80,3
921,80,3
922,80,3
923,80,3
924,80,3
925,80,3
926,80,3
927,80,3
928,80,3
929,90,4
930,90,4
931,90,4
932,90,4
933,90,4
934,90,4
935,90,4
936,90,4
937,90,4
938,90,4
939,90,4
940,90,4
941,90,4
942,90,4
943,90,4
944,90,4
945,90,4
946,90,4
947,90,4
948,90,4
949,80,3
950,80,3
951,80,3
952,80,3
953,80,3
954,80,3
955,80,3
956,80,3
957,80,3
958,80,3
959,80,3
960,80,3
961,80,3
962,80,3
963,80,3
964,80,3
965,80,3
966,80,3
967,80,3
968,80,3
969,100,5
970,100,5
971,100,5
972,100,5
973,100,5
974,100,5
975,100,5
976,100,5
977,100,5
978,100,5
979,100,5
980,100,5
981,100,5
982,100,5
983,100,5
984,100,5
985,100,5
986,100,5
987,100,5
988,100,5
989,100,5
990,100,5
991,100,5
992,100,5
993,100,5
994,100,5
995,100,5
996,100,5
997,100,5
998,100,5
999,100,5
1000,100,5
1001,100,5
1002,100,5
1003,100,5
1004,100,5
1005,100,5
1006,100,5
1007,100,5
1008,80,3
1009,80,3
1010,80,3
1011,80,3
1012,80,3
1013,80,3
1014,80,3
1015,80,3
1016,80,3
1017,80,3
1018,80,3
1019,80,3
1020,80,3
1021,80,3
1022,80,3
1023,80,3
1024,80,3
1025,80,3
1026,80,3
1027,80,3
1028,75,5
1029,75,5
1030,75,5
1031,75,5
1032,75,5
1033,75,5
1034,75,5
1035,75,5
1036,75,5
1037,75,5
1038,75,5
1039,75,5
1040,75,5
1041,75,5
1042,75,5
1043,75,5
1044,75,5
1045,75,5
1046,75,5
1047,75,5
1048,75,5
1049,75,5
1050,75,5
1051,75,5
1052,75,5
1053,75,5
1054,75,5
1055,75,5
1056,75,5
1057,75,5
1058,75,5
1059,75,5
1060,75,5
1061,75,5
1062,75,5
1063,75,5
1064,75,5
1065,75,5
1066,75,5
1067,75,5
1068,75,5
1069,75,5
1070,75,5
1071,75,5
1072,75,5
1073,75,5
1074,75,5
1075,75,5
1076,75,5
1077,75,5
1078,75,5
1079,75,5
1080,75,5
1081,75,5
1082,75,5
1083,75,5
1084,75,5
1085,75,5
1086,75,5
1087,90,4
1088,90,4
1089,90,4
1090,90,4
1091,90,4
1092,90,4
1093,90,4
1094,90,4
1095,90,4
1096,90,4
1097,90,4
1098,90,4
1099,90,4
1100,90,4
1101,90,4
1102,90,4
1103,90,4
1104,90,4
1105,90,4
1106,100,5
1107,100,5
1108,100,5
1109,100,5
1110,100,5
1111,100,5
1112,100,5
1113,100,5
1114,100,5
1115,100,5
1116,100,5
1117,100,5
1118,100,5
1119,100,5
1120,100,5
1121,100,5
1122,100,5
1123,100,5
1124,100,5
1125,100,5
1126,80,3
1127,80,3
1128,80,3
1129,80,3
1130,80,3
1131,80,3
1132,80,3
1133,80,3
1134,80,3
1135,80,3
1136,80,3
1137,80,3
1138,80,3
1139,80,3
1140,80,3
1141,80,3
1142,80,3
1143,80,3
1144,80,3
1145,70,2
1146,70,2
1147,70,2
1148,70,2
1149,70,2
1150,70,2
1151,70,2
1152,70,2
1153,70,2
1154,70,2
1155,70,2
1156,70,2
1157,70,2
1158,70,2
1159,70,2
1160,70,2
1161,70,2
1162,70,2
1163,70,2
1164,70,2
1165,100,5
1166,100,5
1167,100,5
1168,100,5
1169,100,5
1170,100,5
1171,100,5
1172,100,5
1173,100,5
1174,100,5
1175,100,5
1176,100,5
1177,100,5
1178,100,5
1179,100,5
1180,100,5
1181,100,5
1182,100,5
1183,100,5
1184,100,5
1185,75,5
1186,75,5
1187,75,5
1188,75,5
1189,75,5
1190,75,5
1191,75,5
1192,75,5
1193,75,5
1194,75,5
1195,75,5
1196,75,5
1197,75,5
1198,75,5
1199,75,5
1200,75,5
1201,75,5
1202,75,5
1203,75,5
1204,75,5
1205,100,5
1206,100,5
1207,100,5
1208,100,5
1209,100,5
1210,100,5
1211,100,5
1212,100,5
1213,100,5
1214,100,5
1215,100,5
1216,100,5
1217,100,5
1218,100,5
1219,100,5
1220,100,5
1221,100,5
1222,100,5
1223,100,5
1224,100,5
1225,100,5
1226,100,5
1227,100,5
1228,100,5
1229,100,5
1230,100,5
1231,100,5
1232,100,5
1233,100,5
1234,100,5
1235,100,5
1236,100,5
1237,100,5
1238,100,5
1239,100,5
1240,100,5
1241,100,5
1242,100,5
1243,100,5
1244,100,5
1245,100,5
1246,100,5
1247,100,5
1248,100,5
1249,100,5
1250,100,5
1251,100,5
1252,100,5
1253,100,5
1254,100,5
1255,100,5
1256,100,5
1257,100,5
1258,100,5
1259,100,5
1260,100,5
1261,100,5
1262,100,5
1263,75,5
1264,75,5
1265,75,5
1266,75,5
1267,75,5
1268,75,5
1269,75,5
1270,75,5
1271,75,5
1272,75,5
1273,75,5
1274,75,5
1275,75,5
1276,75,5
1277,75,5
1278,75,5
1279,75,5
1280,75,5
1281,75,5
1282,75,5
1283,100,5
1284,100,5
1285,100,5
1286,100,5
1287,100,5
1288,100,5
1289,100,5
1290,100,5
1291,100,5
1292,100,5
1293,100,5
1294,100,5
1295,100,5
1296,100,5
1297,100,5
1298,100,5
1299,100,5
1300,100,5
1301,100,5
1302,100,5
1303,100,5
1304,100,5
1305,100,5
1306,100,5
1307,100,5
1308,100,5
1309,100,5
1310,100,5
1311,100,5
1312,100,5
1313,100,5
1314,100,5
1315,100,5
1316,100,5
1317,100,5
1318,100,5
1319,100,5
1320,100,5
1321,100,5
1322,100,5
1323,100,5
1324,100,5
1325,100,5
1326,100,5
1327,100,5
1328,100,5
1329,100,5
1330,100,5
1331,100,5
1332,100,5
1333,100,5
1334,100,5
1335,100,5
1336,100,5
1337,100,5
1338,100,5
1339,100,5
1340,100,5
1341,100,5
1342,100,5
1343,100,5
1344,100,5
1345,100,5
1346,100,5
1347,100,5
1348,100,5
1349,100,5
1350,100,5
1351,100,5
1352,100,5
1353,100,5
1354,100,5
1355,100,5
1356,100,5
1357,100,5
1358,100,5
1359,100,5
1360,100,5
1361,100,5
1362,75,5
1363,75,5
1364,75,5
1365,75,5
1366,75,5
1367,75,5
1368,75,5
1369,75,5
1370,75,5
1371,75,5
1372,75,5
1373,75,5
1374,75,5
1375,75,5
1376,75,5
1377,75,5
1378,75,5
1379,75,5
1380,75,5
1381,75,5
1382,75,5
1383,75,5
1384,75,5
1385,75,5
1386,75,5
1387,75,5
1388,75,5
1389,75,5
1390,75,5
1391,75,5
1392,75,5
1393,75,5
1394,75,5
1395,75,5
1396,75,5
1397,75,5
1398,75,5
1399,75,5
1400,75,5
1401,75,5
1402,100,5
1403,100,5
1404,100,5
1405,100,5
1406,100,5
1407,100,5
1408,100,5
1409,100,5
1410,100,5
1411,100,5
1412,100,5
1413,100,5
1414,100,5
1415,100,5
1416,100,5
1417,100,5
1418,100,5
1419,100,5
1420,100,5
1421,100,5
1422,75,5
1423,75,5
1424,75,5
1425,75,5
1426,75,5
1427,75,5
1428,75,5
1429,75,5
1430,75,5
1431,75,5
1432,75,5
1433,75,5
1434,75,5
1435,75,5
1436,75,5
1437,75,5
1438,75,5
1439,75,5
1440,75,5
1441,100,5
1442,100,5
1443,100,5
1444,100,5
1445,100,5
1446,100,5
1447,100,5
1448,100,5
1449,100,5
1450,100,5
1451,100,5
1452,100,5
1453,100,5
1454,100,5
1455,100,5
1456,100,5
1457,100,5
1458,100,5
1459,100,5
1460,100,5
1461,100,5
1462,100,5
1463,100,5
1464,100,5
1465,100,5
1466,100,5
1467,100,5
1468,100,5
1469,100,5
1470,100,5
1471,100,5
1472,100,5
1473,100,5
1474,100,5
1475,100,5
1476,100,5
1477,100,5
1478,100,5
1479,100,5
1480,50,5
1481,50,5
1482,50,5
1483,50,5
1484,50,5
1485,50,5
1486,50,5
1487,50,5
1488,50,5
1489,50,5
1490,50,5
1491,50,5
1492,50,5
1493,50,5
1494,50,5
1495,50,5
1496,50,5
1497,50,5
1498,50,5
1499,50,5
1500,70,2
1501,70,2
1502,70,2
1503,70,2
1504,70,2
1505,70,2
1506,70,2
1507,70,2
1508,70,2
1509,70,2
1510,70,2
1511,70,2
1512,70,2
1513,70,2
1514,70,2
1515,70,2
1516,70,2
1517,70,2
1518,70,2
1519,80,3
1520,80,3
1521,80,3
1522,80,3
1523,80,3
1524,80,3
1525,80,3
1526,80,3
1527,80,3
1528,80,3
1529,80,3
1530,80,3
1531,80,3
1532,80,3
1533,80,3
1534,80,3
1535,80,3
1536,80,3
1537,80,3
1538,80,3
1539,100,5
1540,100,5
1541,100,5
1542,100,5
1543,100,5
1544,100,5
1545,100,5
1546,100,5
1547,100,5
1548,100,5
1549,100,5
1550,100,5
1551,100,5
1552,100,5
1553,100,5
1554,100,5
1555,100,5
1556,100,5
1557,100,5
1558,100,5
1559,100,5
1560,100,5
1561,100,5
1562,100,5
1563,100,5
1564,100,5
1565,100,5
1566,100,5
1567,100,5
1568,100,5
1569,100,5
1570,100,5
1571,100,5
1572,100,5
1573,100,5
1574,100,5
1575,100,5
1576,100,5
1577,100,5
1578,100,5
1579,80,3
1580,80,3
1581,80,3
1582,80,3
1583,80,3
1584,80,3
1585,80,3
1586,80,3
1587,80,3
1588,80,3
1589,80,3
1590,80,3
1591,80,3
1592,80,3
1593,80,3
1594,80,3
1595,80,3
1596,80,3
1597,80,3
1598,80,3
1599,90,4
1600,90,4
1601,90,4
1602,90,4
1603,90,4
1604,90,4
1605,90,4
1606,90,4
1607,90,4
1608,90,4
1609,90,4
1610,90,4
1611,90,4
1612,90,4
1613,90,4
1614,90,4
1615,90,4
1616,90,4
1617,90,4
1618,75,5
1619,75,5
1620,75,5
1621,75,5
1622,75,5
1623,75,5
1624,75,5
1625,75,5
1626,75,5
1627,75,5
1628,75,5
1629,75,5
1630,75,5
1631,75,5
1632,75,5
1633,75,5
1634,75,5
1635,75,5
1636,75,5
1637,75,5
1638,75,5
1639,75,5
1640,75,5
1641,75,5
1642,75,5
1643,75,5
1644,75,5
1645,75,5
1646,75,5
1647,75,5
1648,75,5
1649,75,5
1650,75,5
1651,75,5
1652,75,5
1653,75,5
1654,75,5
1655,75,5
1656,75,5
1657,75,5
1658,100,5
1659,100,5
1660,100,5
1661,100,5
1662,100,5
1663,100,5
1664,100,5
1665,100,5
1666,100,5
1667,100,5
1668,100,5
1669,100,5
1670,100,5
1671,100,5
1672,100,5
1673,100,5
1674,100,5
1675,100,5
1676,100,5
1677,90,4
1678,90,4
1679,90,4
1680,90,4
1681,90,4
1682,90,4
1683,90,4
1684,90,4
1685,90,4
1686,90,4
1687,90,4
1688,90,4
1689,90,4
1690,90,4
1691,90,4
1692,90,4
1693,90,4
1694,90,4
1695,90,4
1696,90,4
1697,100,5
1698,100,5
1699,100,5
1700,100,5
1701,100,5
1702,100,5
1703,100,5
1704,100,5
1705,100,5
1706,100,5
1707,100,5
1708,100,5
1709,100,5
1710,100,5
1711,100,5
1712,100,5
1713,100,5
1714,100,5
1715,100,5
1716,100,5
1717,75,5
1718,75,5
1719,75,5
1720,75,5
1721,75,5
1722,75,5
1723,75,5
1724,75,5
1725,75,5
1726,75,5
1727,75,5
1728,75,5
1729,75,5
1730,75,5
1731,75,5
1732,75,5
1733,75,5
1734,75,5
1735,75,5
1736,75,5
1737,75,5
1738,75,5
1739,75,5
1740,75,5
1741,75,5
1742,75,5
1743,75,5
1744,75,5
1745,75,5
1746,75,5
1747,75,5
1748,75,5
1749,75,5
1750,75,5
1751,75,5
1752,75,5
1753,75,5
1754,75,5
1755,75,5
1756,50,5
1757,50,5
1758,50,5
1759,50,5
1760,50,5
1761,50,5
1762,50,5
1763,50,5
1764,50,5
1765,50,5
1766,50,5
1767,50,5
1768,50,5
1769,50,5
1770,50,5
1771,50,5
1772,50,5
1773,50,5
1774,50,5
1775,50,5
1776,75,5
1777,75,5
1778,75,5
1779,75,5
1780,75,5
1781,75,5
1782,75,5
1783,75,5
1784,75,5
1785,75,5
1786,75,5
1787,75,5
1788,75,5
1789,75,5
1790,75,5
1791,75,5
1792,75,5
1793,75,5
1794,75,5
1795,75,5
1796,100,5
1797,100,5
1798,100,5
1799,100,5
1800,100,5
1801,100,5
1802,100,5
1803,100,5
1804,100,5
1805,100,5
1806,100,5
1807,100,5
1808,100,5
1809,100,5
1810,100,5
1811,100,5
1812,100,5
1813,100,5
1814,100,5
1815,100,5
1816,90,4
1817,90,4
1818,90,4
1819,90,4
1820,90,4
1821,90,4
1822,90,4
1823,90,4
1824,90,4
1825,90,4
1826,90,4
1827,90,4
1828,90,4
1829,90,4
1830,90,4
1831,90,4
1832,90,4
1833,90,4
1834,90,4
1835,90,4
1836,90,4
1837,90,4
1838,90,4
1839,90,4
1840,90,4
1841,90,4
1842,90,4
1843,90,4
1844,90,4
1845,90,4
1846,90,4
1847,90,4
1848,90,4
1849,90,4
1850,90,4
1851,90,4
1852,90,4
1853,90,4
1854,90,4
1855,100,5
1856,100,5
1857,100,5
1858,100,5
1859,100,5
1860,100,5
1861,100,5
1862,100,5
1863,100,5
1864,100,5
1865,100,5
1866,100,5
1867,100,5
1868,100,5
1869,100,5
1870,100,5
1871,100,5
1872,100,5
1873,100,5
1874,100,5
1875,100,5
1876,100,5
1877,100,5
1878,100,5
1879,100,5
1880,100,5
1881,100,5
1882,100,5
1883,100,5
1884,100,5
1885,100,5
1886,100,5
1887,100,5
1888,100,5
1889,100,5
1890,100,5
1891,100,5
1892,100,5
1893,100,5
1894,90,4
1895,90,4
1896,90,4
1897,90,4
1898,90,4
1899,90,4
1900,90,4
1901,90,4
1902,90,4
1903,90,4
1904,90,4
1905,90,4
1906,90,4
1907,90,4
1908,90,4
1909,90,4
1910,90,4
1911,90,4
1912,90,4
1913,90,4
1914,70,2
1915,70,2
1916,70,2
1917,70,2
1918,70,2
1919,70,2
1920,70,2
1921,70,2
1922,70,2
1923,70,2
1924,70,2
1925,70,2
1926,70,2
1927,70,2
1928,70,2
1929,70,2
1930,70,2
1931,70,2
1932,70,2
1933,70,2
1934,70,2
1935,70,2
1936,70,2
1937,70,2
1938,70,2
1939,70,2
1940,70,2
1941,70,2
1942,70,2
1943,70,2
1944,70,2
1945,70,2
1946,70,2
1947,70,2
1948,70,2
1949,70,2
1950,70,2
1951,70,2
1952,70,2
1953,90,4
1954,90,4
1955,90,4
1956,90,4
1957,90,4
1958,90,4
1959,90,4
1960,90,4
1961,90,4
1962,90,4
1963,90,4
1964,90,4
1965,90,4
1966,90,4
1967,90,4
1968,90,4
1969,90,4
1970,90,4
1971,90,4
1972,90,4
1973,40,4
1974,40,4
1975,40,4
1976,40,4
1977,40,4
1978,40,4
1979,40,4
1980,40,4
1981,40,4
1982,40,4
1983,40,4
1984,40,4
1985,40,4
1986,40,4
1987,40,4
1988,40,4
1989,40,4
1990,40,4
1991,40,4
1992,40,4
1993,80,3
1994,80,3
1995,80,3
1996,80,3
1997,80,3
1998,80,3
1999,80,3
2000,80,3
2001,80,3
2002,80,3
2003,80,3
2004,80,3
2005,80,3
2006,80,3
2007,80,3
2008,80,3
2009,80,3
2010,80,3
2011,80,3
2012,90,4
2013,90,4
2014,90,4
2015,90,4
2016,90,4
2017,90,4
2018,90,4
2019,90,4
2020,90,4
2021,90,4
2022,90,4
2023,90,4
2024,90,4
2025,90,4
2026,90,4
2027,90,4
2028,90,4
2029,90,4
2030,90,4
2031,90,4
2032,80,3
2033,80,3
2034,80,3
2035,80,3
2036,80,3
2037,80,3
2038,80,3
2039,80,3
2040,80,3
2041,80,3
2042,80,3
2043,80,3
2044,80,3
2045,80,3
2046,80,3
2047,80,3
2048,80,3
2049,80,3
2050,80,3
2051,80,3
2052,70,2
2053,70,2
2054,70,2
2055,70,2
2056,70,2
2057,70,2
2058,70,2
2059,70,2
2060,70,2
2061,70,2
2062,70,2
2063,70,2
2064,70,2
2065,70,2
2066,70,2
2067,70,2
2068,70,2
2069,70,2
2070,70,2
2071,65,4
2072,65,4
2073,65,4
2074,65,4
2075,65,4
2076,65,4
2077,65,4
2078,65,4
2079,65,4
2080,65,4
2081,65,4
2082,65,4
2083,65,4
2084,65,4
2085,65,4
2086,65,4
2087,65,4
2088,65,4
2089,65,4
2090,65,4
2091,65,4
2092,65,4
2093,65,4
2094,65,4
2095,65,4
2096,65,4
2097,65,4
2098,65,4
2099,65,4
2100,65,4
2101,65,4
2102,65,4
2103,65,4
2104,65,4
2105,65,4
2106,65,4
2107,65,4
2108,65,4
2109,65,4
2110,65,4
2111,65,4
2112,65,4
2113,65,4
2114,65,4
2115,65,4
2116,65,4
2117,65,4
2118,65,4
2119,65,4
2120,65,4
2121,65,4
2122,65,4
2123,65,4
2124,65,4
2125,65,4
2126,65,4
2127,65,4
2128,65,4
2129,65,4
2130,40,4
2131,40,4
2132,40,4
2133,40,4
2134,40,4
2135,40,4
2136,40,4
2137,40,4
2138,40,4
2139,40,4
2140,40,4
2141,40,4
2142,40,4
2143,40,4
2144,40,4
2145,40,4
2146,40,4
2147,40,4
2148,40,4
2149,40,4
2150,40,4
2151,40,4
2152,40,4
2153,40,4
2154,40,4
2155,40,4
2156,40,4
2157,40,4
2158,40,4
2159,40,4
2160,40,4
2161,40,4
2162,40,4
2163,40,4
2164,40,4
2165,40,4
2166,40,4
2167,40,4
2168,40,4
2169,40,4
2170,90,4
2171,90,4
2172,90,4
2173,90,4
2174,90,4
2175,90,4
2176,90,4
2177,90,4
2178,90,4
2179,90,4
2180,90,4
2181,90,4
2182,90,4
2183,90,4
2184,90,4
2185,90,4
2186,90,4
2187,90,4
2188,90,4
2189,90,4
2190,90,4
2191,90,4
2192,90,4
2193,90,4
2194,90,4
2195,90,4
2196,90,4
2197,90,4
2198,90,4
2199,90,4
2200,90,4
2201,90,4
2202,90,4
2203,90,4
2204,90,4
2205,90,4
2206,90,4
2207,90,4
2208,90,4
2209,65,4
2210,65,4
2211,65,4
2212,65,4
2213,65,4
2214,65,4
2215,65,4
2216,65,4
2217,65,4
2218,65,4
2219,65,4
2220,65,4
2221,65,4
2222,65,4
2223,65,4
2224,65,4
2225,65,4
2226,65,4
2227,65,4
2228,65,4
2229,70,2
2230,70,2
2231,70,2
2232,70,2
2233,70,2
2234,70,2
2235,70,2
2236,70,2
2237,70,2
2238,70,2
2239,70,2
2240,70,2
2241,70,2
2242,70,2
2243,70,2
2244,70,2
2245,70,2
2246,70,2
2247,70,2
2248,70,2
2249,90,4
2250,90,4
2251,90,4
2252,90,4
2253,90,4
2254,90,4
2255,90,4
2256,90,4
2257,90,4
2258,90,4
2259,90,4
2260,90,4
2261,90,4
2262,90,4
2263,90,4
2264,90,4
2265,90,4
2266,90,4
2267,90,4
2268,65,4
2269,65,4
2270,65,4
2271,65,4
2272,65,4
2273,65,4
2274,65,4
2275,65,4
2276,65,4
2277,65,4
2278,65,4
2279,65,4
2280,65,4
2281,65,4
2282,65,4
2283,65,4
2284,65,4
2285,65,4
2286,65,4
2287,90,4
2288,65,4
2289,65,4
2290,65,4
2291,65,4
2292,65,4
2293,65,4
2294,65,4
2295,65,4
2296,65,4
2297,65,4
2298,65,4
2299,65,4
2300,65,4
2301,65,4
2302,65,4
2303,65,4
2304,65,4
2305,65,4
2306,65,4
2307,70,2
2308,70,2
2309,70,2
2310,70,2
2311,70,2
2312,70,2
2313,70,2
2314,70,2
2315,70,2
2316,70,2
2317,70,2
2318,70,2
2319,70,2
2320,70,2
2321,70,2
2322,70,2
2323,70,2
2324,70,2
2325,70,2
2326,70,2
2327,90,4
2328,90,4
2329,90,4
2330,90,4
2331,90,4
2332,90,4
2333,90,4
2334,90,4
2335,90,4
2336,90,4
2337,90,4
2338,90,4
2339,90,4
2340,90,4
2341,90,4
2342,90,4
2343,90,4
2344,90,4
2345,90,4
2346,40,4
2347,40,4
2348,40,4
2349,40,4
2350,40,4
2351,40,4
2352,40,4
2353,40,4
2354,40,4
2355,40,4
2356,40,4
2357,40,4
2358,40,4
2359,40,4
2360,40,4
2361,40,4
2362,40,4
2363,40,4
2364,40,4
2365,40,4
2366,65,4
2367,65,4
2368,65,4
2369,65,4
2370,65,4
2371,65,4
2372,65,4
2373,65,4
2374,65,4
2375,65,4
2376,65,4
2377,65,4
2378,65,4
2379,65,4
2380,65,4
2381,65,4
2382,65,4
2383,65,4
2384,65,4
2385,65,4
2386,40,4
2387,40,4
2388,40,4
2389,40,4
2390,40,4
2391,40,4
2392,40,4
2393,40,4
2394,40,4
2395,40,4
2396,40,4
2397,40,4
2398,40,4
2399,40,4
2400,40,4
2401,40,4
2402,40,4
2403,40,4
2404,40,4
2405,40,4
2406,90,4
2407,90,4
2408,90,4
2409,90,4
2410,90,4
2411,90,4
2412,90,4
2413,90,4
2414,90,4
2415,90,4
2416,90,4
2417,90,4
2418,90,4
2419,90,4
2420,90,4
2421,90,4
2422,90,4
2423,90,4
2424,90,4
2425,90,4
2426,90,4
2427,90,4
2428,90,4
2429,90,4
2430,90,4
2431,90,4
2432,90,4
2433,90,4
2434,90,4
2435,90,4
2436,90,4
2437,90,4
2438,90,4
2439,90,4
2440,90,4
2441,90,4
2442,90,4
2443,90,4
2444,90,4
2445,65,4
2446,65,4
2447,65,4
2448,65,4
2449,65,4
2450,65,4
2451,65,4
2452,65,4
2453,65,4
2454,65,4
2455,65,4
2456,65,4
2457,65,4
2458,65,4
2459,65,4
2460,65,4
2461,65,4
2462,65,4
2463,65,4
2464,65,4
2465,65,4
2466,65,4
2467,65,4
2468,65,4
2469,65,4
2470,65,4
2471,65,4
2472,65,4
2473,65,4
2474,65,4
2475,65,4
2476,65,4
2477,65,4
2478,65,4
2479,65,4
2480,65,4
2481,65,4
2482,65,4
2483,65,4
2484,90,4
2485,90,4
2486,90,4
2487,90,4
2488,90,4
2489,90,4
2490,90,4
2491,90,4
2492,90,4
2493,90,4
2494,90,4
2495,90,4
2496,90,4
2497,90,4
2498,90,4
2499,90,4
2500,90,4
2501,90,4
2502,90,4
2503,90,4
2504,90,4
2505,90,4
2506,90,4
2507,90,4
2508,90,4
2509,90,4
2510,90,4
2511,90,4
2512,90,4
2513,90,4
2514,90,4
2515,90,4
2516,90,4
2517,90,4
2518,90,4
2519,90,4
2520,90,4
2521,90,4
2522,90,4
2523,90,4
2524,65,4
2525,65,4
2526,65,4
2527,65,4
2528,65,4
2529,65,4
2530,65,4
2531,65,4
2532,65,4
2533,65,4
2534,65,4
2535,65,4
2536,65,4
2537,65,4
2538,65,4
2539,65,4
2540,65,4
2541,65,4
2542,65,4
2543,70,2
2544,70,2
2545,70,2
2546,70,2
2547,70,2
2548,70,2
2549,70,2
2550,70,2
2551,70,2
2552,70,2
2553,70,2
2554,70,2
2555,70,2
2556,70,2
2557,70,2
2558,70,2
2559,70,2
2560,70,2
2561,70,2
2562,70,2
2563,80,3
2564,80,3
2565,80,3
2566,80,3
2567,80,3
2568,80,3
2569,80,3
2570,80,3
2571,80,3
2572,80,3
2573,80,3
2574,80,3
2575,80,3
2576,80,3
2577,80,3
2578,80,3
2579,80,3
2580,80,3
2581,80,3
2582,80,3
2583,65,4
2584,65,4
2585,65,4
2586,65,4
2587,65,4
2588,65,4
2589,65,4
2590,65,4
2591,65,4
2592,65,4
2593,65,4
2594,65,4
2595,65,4
2596,65,4
2597,65,4
2598,65,4
2599,65,4
2600,65,4
2601,65,4
2602,65,4
2603,65,4
2604,65,4
2605,65,4
2606,65,4
2607,65,4
2608,65,4
2609,65,4
2610,65,4
2611,65,4
2612,65,4
2613,65,4
2614,65,4
2615,65,4
2616,65,4
2617,65,4
2618,65,4
2619,65,4
2620,65,4
2621,65,4
2622,40,4
2623,40,4
2624,40,4
2625,40,4
2626,40,4
2627,40,4
2628,40,4
2629,40,4
2630,40,4
2631,40,4
2632,40,4
2633,40,4
2634,40,4
2635,40,4
2636,40,4
2637,40,4
2638,40,4
2639,40,4
2640,40,4
2641,40,4
2642,65,4
2643,65,4
2644,65,4
2645,65,4
2646,65,4
2647,65,4
2648,65,4
2649,65,4
2650,65,4
2651,65,4
2652,65,4
2653,65,4
2654,65,4
2655,65,4
2656,65,4
2657,65,4
2658,65,4
2659,65,4
2660,65,4
2661,65,4
2662,90,4
2663,90,4
2664,90,4
2665,90,4
2666,90,4
2667,90,4
2668,90,4
2669,90,4
2670,90,4
2671,90,4
2672,90,4
2673,90,4
2674,90,4
2675,90,4
2676,90,4
2677,90,4
2678,90,4
2679,90,4
2680,90,4
2681,90,4
2682,40,4
2683,40,4
2684,40,4
2685,40,4
2686,40,4
2687,40,4
2688,40,4
2689,40,4
2690,40,4
2691,40,4
2692,40,4
2693,40,4
2694,40,4
2695,40,4
2696,40,4
2697,40,4
2698,40,4
2699,40,4
2700,40,4
2701,65,4
2702,65,4
2703,65,4
2704,65,4
2705,65,4
2706,65,4
2707,65,4
2708,65,4
2709,65,4
2710,65,4
2711,65,4
2712,65,4
2713,65,4
2714,65,4
2715,65,4
2716,65,4
2717,65,4
2718,65,4
2719,65,4
2720,65,4
2721,65,4
2722,65,4
2723,65,4
2724,65,4
2725,65,4
2726,65,4
2727,65,4
2728,65,4
2729,65,4
2730,65,4
2731,65,4
2732,65,4
2733,65,4
2734,65,4
2735,65,4
2736,65,4
2737,65,4
2738,65,4
2739,65,4
2740,90,4
2741,90,4
2742,90,4
2743,90,4
2744,90,4
2745,90,4
2746,90,4
2747,90,4
2748,90,4
2749,90,4
2750,90,4
2751,90,4
2752,90,4
2753,90,4
2754,90,4
2755,90,4
2756,90,4
2757,90,4
2758,90,4
2759,90,4
2760,40,4
2761,40,4
2762,40,4
2763,40,4
2764,40,4
2765,40,4
2766,40,4
2767,40,4
2768,40,4
2769,40,4
2770,40,4
2771,40,4
2772,40,4
2773,40,4
2774,40,4
2775,40,4
2776,40,4
2777,40,4
2778,40,4
2779,40,4
2780,40,4
2781,40,4
2782,40,4
2783,40,4
2784,40,4
2785,40,4
2786,40,4
2787,40,4
2788,40,4
2789,40,4
2790,40,4
2791,40,4
2792,40,4
2793,40,4
2794,40,4
2795,40,4
2796,40,4
2797,40,4
2798,40,4
2799,40,4
2800,65,4
2801,65,4
2802,65,4
2803,65,4
2804,65,4
2805,65,4
2806,65,4
2807,65,4
2808,65,4
2809,65,4
2810,65,4
2811,65,4
2812,65,4
2813,65,4
2814,65,4
2815,65,4
2816,65,4
2817,65,4
2818,65,4
2819,90,4
2820,90,4
2821,90,4
2822,90,4
2823,90,4
2824,90,4
2825,90,4
2826,90,4
2827,90,4
2828,90,4
2829,90,4
2830,90,4
2831,90,4
2832,90,4
2833,90,4
2834,90,4
2835,90,4
2836,90,4
2837,90,4
2838,90,4
2839,70,2
2840,70,2
2841,70,2
2842,70,2
2843,70,2
2844,70,2
2845,70,2
2846,70,2
2847,70,2
2848,70,2
2849,70,2
2850,70,2
2851,70,2
2852,70,2
2853,70,2
2854,70,2
2855,70,2
2856,70,2
2857,70,2
2858,70,2
2859,80,3
2860,80,3
2861,80,3
2862,80,3
2863,80,3
2864,80,3
2865,80,3
2866,80,3
2867,80,3
2868,80,3
2869,80,3
2870,80,3
2871,80,3
2872,80,3
2873,80,3
2874,80,3
2875,80,3
2876,80,3
2877,80,3
2878,90,4
2879,90,4
2880,90,4
2881,90,4
2882,90,4
2883,90,4
2884,90,4
2885,90,4
2886,90,4
2887,90,4
2888,90,4
2889,90,4
2890,90,4
2891,90,4
2892,90,4
2893,90,4
2894,90,4
2895,90,4
2896,90,4
2897,90,4
2898,90,4
2899,90,4
2900,90,4
2901,90,4
2902,90,4
2903,90,4
2904,90,4
2905,90,4
2906,90,4
2907,90,4
2908,90,4
2909,90,4
2910,90,4
2911,90,4
2912,90,4
2913,90,4
2914,90,4
2915,90,4
2916,90,4
2917,90,4
2918,40,4
2919,40,4
2920,40,4
2921,40,4
2922,40,4
2923,40,4
2924,40,4
2925,40,4
2926,40,4
2927,40,4
2928,40,4
2929,40,4
2930,40,4
2931,40,4
2932,40,4
2933,40,4
2934,40,4
2935,40,4
2936,40,4
2937,65,4
2938,65,4
2939,65,4
2940,65,4
2941,65,4
2942,65,4
2943,65,4
2944,65,4
2945,65,4
2946,65,4
2947,65,4
2948,65,4
2949,65,4
2950,65,4
2951,65,4
2952,65,4
2953,65,4
2954,65,4
2955,65,4
2956,65,4
2957,40,4
2958,40,4
2959,40,4
2960,40,4
2961,40,4
2962,40,4
2963,40,4
2964,40,4
2965,40,4
2966,40,4
2967,40,4
2968,40,4
2969,40,4
2970,40,4
2971,40,4
2972,40,4
2973,40,4
2974,40,4
2975,40,4
2976,65,4
2977,65,4
2978,65,4
2979,65,4
2980,65,4
2981,65,4
2982,65,4
2983,65,4
2984,65,4
2985,65,4
2986,65,4
2987,65,4
2988,65,4
2989,65,4
2990,65,4
2991,65,4
2992,65,4
2993,65,4
2994,65,4
2995,65,4
2996,40,4
2997,40,4
2998,40,4
2999,40,4
3000,40,4
3001,40,4
3002,40,4
3003,40,4
3004,40,4
3005,40,4
3006,40,4
3007,40,4
3008,40,4
3009,40,4
3010,40,4
3011,40,4
3012,40,4
3013,40,4
3014,40,4
3015,40,4
3016,65,4
3017,65,4
3018,65,4
3019,65,4
3020,65,4
3021,65,4
3022,65,4
3023,65,4
3024,65,4
3025,65,4
3026,65,4
3027,65,4
3028,65,4
3029,65,4
3030,65,4
3031,65,4
3032,65,4
3033,65,4
3034,65,4
3035,65,4
3036,90,4
3037,90,4
3038,90,4
3039,90,4
3040,90,4
3041,90,4
3042,90,4
3043,90,4
3044,90,4
3045,90,4
3046,90,4
3047,90,4
3048,90,4
3049,90,4
3050,90,4
3051,90,4
3052,90,4
3053,90,4
3054,90,4
3055,65,4
3056,65,4
3057,65,4
3058,65,4
3059,65,4
3060,65,4
3061,65,4
3062,65,4
3063,65,4
3064,65,4
3065,65,4
3066,65,4
3067,65,4
3068,65,4
3069,65,4
3070,65,4
3071,65,4
3072,65,4
3073,65,4
3074,40,4
3075,65,4
3076,65,4
3077,65,4
3078,65,4
3079,65,4
3080,65,4
3081,65,4
3082,65,4
3083,65,4
3084,65,4
3085,65,4
3086,65,4
3087,65,4
3088,65,4
3089,65,4
3090,65,4
3091,65,4
3092,65,4
3093,65,4
3094,65,4
3095,65,4
3096,65,4
3097,65,4
3098,65,4
3099,65,4
3100,65,4
3101,65,4
3102,65,4
3103,65,4
3104,65,4
3105,65,4
3106,65,4
3107,65,4
3108,65,4
3109,65,4
3110,65,4
3111,65,4
3112,65,4
3113,65,4
3114,40,4
3115,40,4
3116,40,4
3117,40,4
3118,40,4
3119,40,4
3120,40,4
3121,40,4
3122,40,4
3123,40,4
3124,40,4
3125,40,4
3126,40,4
3127,40,4
3128,40,4
3129,40,4
3130,40,4
3131,40,4
3132,40,4
3133,40,4
3134,65,4
3135,65,4
3136,65,4
3137,65,4
3138,65,4
3139,65,4
3140,65,4
3141,65,4
3142,65,4
3143,65,4
3144,65,4
3145,65,4
3146,65,4
3147,65,4
3148,65,4
3149,65,4
3150,65,4
3151,65,4
3152,65,4
3153,90,4
3154,90,4
3155,90,4
3156,90,4
3157,90,4
3158,90,4
3159,90,4
3160,90,4
3161,90,4
3162,90,4
3163,90,4
3164,90,4
3165,90,4
3166,90,4
3167,90,4
3168,90,4
3169,90,4
3170,90,4
3171,90,4
3172,90,4
3173,40,4
3174,40,4
3175,40,4
3176,40,4
3177,40,4
3178,40,4
3179,40,4
3180,40,4
3181,40,4
3182,40,4
3183,40,4
3184,40,4
3185,40,4
3186,40,4
3187,40,4
3188,40,4
3189,40,4
3190,40,4
3191,40,4
3192,40,4
3193,40,4
3194,40,4
3195,40,4
3196,40,4
3197,40,4
3198,40,4
3199,40,4
3200,40,4
3201,40,4
3202,40,4
3203,40,4
3204,40,4
3205,40,4
3206,40,4
3207,40,4
3208,40,4
3209,40,4
3210,40,4
3211,40,4
3212,65,4
3213,65,4
3214,65,4
3215,65,4
3216,65,4
3217,65,4
3218,65,4
3219,65,4
3220,65,4
3221,65,4
3222,65,4
3223,65,4
3224,65,4
3225,65,4
3226,65,4
3227,65,4
3228,65,4
3229,65,4
3230,65,4
3231,65,4
3232,65,4
3233,65,4
3234,65,4
3235,65,4
3236,65,4
3237,65,4
3238,65,4
3239,65,4
3240,65,4
3241,65,4
3242,65,4
3243,65,4
3244,65,4
3245,65,4
3246,65,4
3247,65,4
3248,65,4
3249,65,4
3250,65,4
3251,65,4
3252,40,4
3253,40,4
3254,40,4
3255,40,4
3256,40,4
3257,40,4
3258,40,4
3259,40,4
3260,40,4
3261,40,4
3262,40,4
3263,40,4
3264,40,4
3265,40,4
3266,40,4
3267,40,4
3268,40,4
3269,40,4
3270,40,4
3271,90,4
3272,90,4
3273,90,4
3274,90,4
3275,90,4
3276,90,4
3277,90,4
3278,90,4
3279,90,4
3280,90,4
3281,90,4
3282,90,4
3283,90,4
3284,90,4
3285,90,4
3286,90,4
3287,90,4
3288,90,4
3289,90,4
3290,90,4
3291,80,3
3292,80,3
3293,80,3
3294,80,3
3295,80,3
3296,80,3
3297,80,3
3298,80,3
3299,80,3
3300,80,3
3301,80,3
3302,80,3
3303,80,3
3304,80,3
3305,80,3
3306,80,3
3307,80,3
3308,80,3
3309,80,3
3310,70,2
3311,70,2
3312,70,2
3313,70,2
3314,70,2
3315,70,2
3316,70,2
3317,70,2
3318,70,2
3319,70,2
3320,70,2
3321,70,2
3322,70,2
3323,70,2
3324,70,2
3325,70,2
3326,70,2
3327,70,2
3328,70,2
3329,70,2
3330,65,4
3331,65,4
3332,65,4
3333,65,4
3334,65,4
3335,65,4
3336,65,4
3337,65,4
3338,65,4
3339,65,4
3340,65,4
3341,65,4
3342,65,4
3343,65,4
3344,65,4
3345,65,4
3346,65,4
3347,65,4
3348,65,4
3349,40,4
3350,40,4
3351,40,4
3352,40,4
3353,40,4
3354,40,4
3355,40,4
3356,40,4
3357,40,4
3358,40,4
3359,40,4
3360,40,4
3361,40,4
3362,40,4
3363,40,4
3364,40,4
3365,40,4
3366,40,4
3367,40,4
3368,40,4
3369,40,4
3370,40,4
3371,40,4
3372,40,4
3373,40,4
3374,40,4
3375,40,4
3376,40,4
3377,40,4
3378,40,4
3379,40,4
3380,40,4
3381,40,4
3382,40,4
3383,40,4
3384,40,4
3385,40,4
3386,40,4
3387,40,4
3388,40,4
3389,65,4
3390,65,4
3391,65,4
3392,65,4
3393,65,4
3394,65,4
3395,65,4
3396,65,4
3397,65,4
3398,65,4
3399,65,4
3400,65,4
3401,65,4
3402,65,4
3403,65,4
3404,65,4
3405,65,4
3406,65,4
3407,65,4
3408,65,4
3409,40,4
3410,40,4
3411,40,4
3412,40,4
3413,40,4
3414,40,4
3415,40,4
3416,40,4
3417,40,4
3418,40,4
3419,40,4
3420,40,4
3421,40,4
3422,40,4
3423,40,4
3424,40,4
3425,40,4
3426,40,4
3427,40,4
3428,65,4
3429,65,4
3430,65,4
3431,65,4
3432,65,4
3433,65,4
3434,65,4
3435,65,4
3436,65,4
3437,65,4
3438,65,4
3439,65,4
3440,65,4
3441,65,4
3442,65,4
3443,65,4
3444,65,4
3445,65,4
3446,65,4
3447,65,4
3448,90,4
3449,90,4
3450,90,4
3451,90,4
3452,90,4
3453,90,4
3454,90,4
3455,90,4
3456,90,4
3457,90,4
3458,90,4
3459,90,4
3460,90,4
3461,90,4
3462,90,4
3463,90,4
3464,90,4
3465,90,4
3466,90,4
3467,90,4
3468,65,4
3469,65,4
3470,65,4
3471,65,4
3472,65,4
3473,65,4
3474,65,4
3475,65,4
3476,65,4
3477,65,4
3478,65,4
3479,65,4
3480,65,4
3481,65,4
3482,65,4
3483,65,4
3484,65,4
3485,65,4
3486,65,4
3487,40,4
3488,40,4
3489,40,4
3490,40,4
3491,40,4
3492,40,4
3493,40,4
3494,40,4
3495,40,4
3496,40,4
3497,40,4
3498,40,4
3499,40,4
3500,40,4
3501,40,4
3502,40,4
3503,40,4
3504,40,4
3505,40,4
3506,40,4
3507,40,4
3508,40,4
3509,40,4
3510,40,4
3511,40,4
3512,40,4
3513,40,4
3514,40,4
3515,40,4
3516,40,4
3517,40,4
3518,40,4
3519,40,4
3520,40,4
3521,40,4
3522,40,4
3523,40,4
3524,40,4
3525,40,4
3526,40,4
3527,65,4
3528,65,4
3529,65,4
3530,65,4
3531,65,4
3532,65,4
3533,65,4
3534,65,4
3535,65,4
3536,65,4
3537,65,4
3538,65,4
3539,65,4
3540,65,4
3541,65,4
3542,65,4
3543,65,4
3544,65,4
3545,65,4
3546,70,2
3547,70,2
3548,70,2
3549,70,2
3550,70,2
3551,70,2
3552,70,2
3553,70,2
3554,70,2
3555,70,2
3556,70,2
3557,70,2
3558,70,2
3559,70,2
3560,70,2
3561,70,2
3562,70,2
3563,70,2
3564,70,2
3565,90,4
3566,65,4
3567,65,4
3568,65,4
3569,65,4
3570,65,4
3571,65,4
3572,65,4
3573,65,4
3574,65,4
3575,65,4
3576,65,4
3577,65,4
3578,65,4
3579,65,4
3580,65,4
3581,65,4
3582,65,4
3583,65,4
3584,65,4
3585,90,4
3586,90,4
3587,90,4
3588,90,4
3589,90,4
3590,90,4
3591,90,4
3592,90,4
3593,90,4
3594,90,4
3595,90,4
3596,90,4
3597,90,4
3598,90,4
3599,90,4
3600,90,4
3601,90,4
3602,90,4
3603,90,4
3604,90,4
3605,65,4
3606,65,4
3607,65,4
3608,65,4
3609,65,4
3610,65,4
3611,65,4
3612,65,4
3613,65,4
3614,65,4
3615,65,4
3616,65,4
3617,65,4
3618,65,4
3619,65,4
3620,65,4
3621,65,4
3622,65,4
3623,65,4
3624,65,4
3625,40,4
3626,40,4
3627,40,4
3628,40,4
3629,40,4
3630,40,4
3631,40,4
3632,40,4
3633,40,4
3634,40,4
3635,40,4
3636,40,4
3637,40,4
3638,40,4
3639,40,4
3640,40,4
3641,40,4
3642,40,4
3643,40,4
3644,90,4
3645,90,4
3646,90,4
3647,90,4
3648,90,4
3649,90,4
3650,90,4
3651,90,4
3652,90,4
3653,90,4
3654,90,4
3655,90,4
3656,90,4
3657,90,4
3658,90,4
3659,90,4
3660,90,4
3661,90,4
3662,90,4
3663,90,4
3664,65,4
3665,65,4
3666,65,4
3667,65,4
3668,65,4
3669,65,4
3670,65,4
3671,65,4
3672,65,4
3673,65,4
3674,65,4
3675,65,4
3676,65,4
3677,65,4
3678,65,4
3679,65,4
3680,65,4
3681,65,4
3682,65,4
3683,65,4
3684,90,4
3685,90,4
3686,90,4
3687,90,4
3688,90,4
3689,90,4
3690,90,4
3691,90,4
3692,90,4
3693,90,4
3694,90,4
3695,90,4
3696,90,4
3697,90,4
3698,90,4
3699,90,4
3700,90,4
3701,90,4
3702,90,4
3703,65,4
3704,40,4
3705,40,4
3706,40,4
3707,40,4
3708,40,4
3709,40,4
3710,40,4
3711,40,4
3712,40,4
3713,40,4
3714,40,4
3715,40,4
3716,40,4
3717,40,4
3718,40,4
3719,40,4
3720,40,4
3721,40,4
3722,40,4
3723,40,4
3724,40,4
3725,40,4
3726,40,4
3727,40,4
3728,40,4
3729,40,4
3730,40,4
3731,40,4
3732,40,4
3733,40,4
3734,40,4
3735,40,4
3736,40,4
3737,40,4
3738,40,4
3739,40,4
3740,40,4
3741,40,4
3742,40,4
3743,90,4
3744,90,4
3745,90,4
3746,90,4
3747,90,4
3748,90,4
3749,90,4
3750,90,4
3751,90,4
3752,90,4
3753,90,4
3754,90,4
3755,90,4
3756,90,4
3757,90,4
3758,90,4
3759,90,4
3760,90,4
3761,90,4
3762,90,4
3763,65,4
3764,65,4
3765,65,4
3766,65,4
3767,65,4
3768,65,4
3769,65,4
3770,65,4
3771,65,4
3772,65,4
3773,65,4
3774,65,4
3775,65,4
3776,65,4
3777,65,4
3778,65,4
3779,65,4
3780,65,4
3781,65,4
3782,40,4
3783,40,4
3784,40,4
3785,40,4
3786,40,4
3787,40,4
3788,40,4
3789,40,4
3790,40,4
3791,40,4
3792,40,4
3793,40,4
3794,40,4
3795,40,4
3796,40,4
3797,40,4
3798,40,4
3799,40,4
3800,40,4
3801,40,4
3802,90,4
3803,90,4
3804,90,4
3805,90,4
3806,90,4
3807,90,4
3808,90,4
3809,90,4
3810,90,4
3811,90,4
3812,90,4
3813,90,4
3814,90,4
3815,90,4
3816,90,4
3817,90,4
3818,90,4
3819,90,4
3820,90,4
3821,90,4
3822,65,4
3823,65,4
3824,65,4
3825,65,4
3826,65,4
3827,65,4
3828,65,4
3829,65,4
3830,65,4
3831,65,4
3832,65,4
3833,65,4
3834,65,4
3835,65,4
3836,65,4
3837,65,4
3838,65,4
3839,65,4
3840,65,4
3841,90,4
3842,65,4
3843,65,4
3844,65,4
3845,65,4
3846,65,4
3847,65,4
3848,65,4
3849,65,4
3850,65,4
3851,65,4
3852,65,4
3853,65,4
3854,65,4
3855,65,4
3856,65,4
3857,65,4
3858,65,4
3859,65,4
3860,65,4
3861,40,4
3862,65,4
3863,65,4
3864,65,4
3865,65,4
3866,65,4
3867,65,4
3868,65,4
3869,65,4
3870,65,4
3871,65,4
3872,65,4
3873,65,4
3874,65,4
3875,65,4
3876,65,4
3877,65,4
3878,65,4
3879,65,4
3880,65,4
3881,90,4
3882,90,4
3883,90,4
3884,90,4
3885,90,4
3886,90,4
3887,90,4
3888,90,4
3889,90,4
3890,90,4
3891,90,4
3892,90,4
3893,90,4
3894,90,4
3895,90,4
3896,90,4
3897,90,4
3898,90,4
3899,90,4
3900,90,4
3901,65,4
3902,65,4
3903,65,4
3904,65,4
3905,65,4
3906,65,4
3907,65,4
3908,65,4
3909,65,4
3910,65,4
3911,65,4
3912,65,4
3913,65,4
3914,65,4
3915,65,4
3916,65,4
3917,65,4
3918,65,4
3919,65,4
3920,65,4
3921,40,4
3922,40,4
3923,40,4
3924,40,4
3925,40,4
3926,40,4
3927,40,4
3928,40,4
3929,40,4
3930,40,4
3931,40,4
3932,40,4
3933,40,4
3934,40,4
3935,40,4
3936,40,4
3937,40,4
3938,40,4
3939,40,4
3940,40,4
3941,40,4
3942,40,4
3943,40,4
3944,40,4
3945,40,4
3946,40,4
3947,40,4
3948,40,4
3949,40,4
3950,40,4
3951,40,4
3952,40,4
3953,40,4
3954,40,4
3955,40,4
3956,40,4
3957,40,4
3958,40,4
3959,40,4
3960,40,4
3961,40,4
3962,40,4
3963,40,4
3964,40,4
3965,40,4
3966,40,4
3967,40,4
3968,40,4
3969,40,4
3970,40,4
3971,40,4
3972,40,4
3973,40,4
3974,40,4
3975,40,4
3976,40,4
3977,40,4
3978,40,4
3979,40,4
3980,40,4
3981,40,4
3982,40,4
3983,40,4
3984,40,4
3985,40,4
3986,40,4
3987,40,4
3988,40,4
3989,40,4
3990,40,4
3991,40,4
3992,40,4
3993,40,4
3994,40,4
3995,40,4
3996,40,4
3997,40,4
3998,40,4
3999,65,4
4000,90,4
4001,90,4
4002,90,4
4003,90,4
4004,90,4
4005,90,4
4006,90,4
4007,90,4
4008,90,4
4009,90,4
4010,90,4
4011,90,4
4012,90,4
4013,90,4
4014,90,4
4015,90,4
4016,90,4
4017,90,4
4018,90,4
4019,65,4
4020,65,4
4021,65,4
4022,65,4
4023,65,4
4024,65,4
4025,65,4
4026,65,4
4027,65,4
4028,65,4
4029,65,4
4030,65,4
4031,65,4
4032,65,4
4033,65,4
4034,65,4
4035,65,4
4036,65,4
4037,65,4
4038,65,4
4039,65,4
4040,65,4
4041,65,4
4042,65,4
4043,65,4
4044,65,4
4045,65,4
4046,65,4
4047,65,4
4048,65,4
4049,65,4
4050,65,4
4051,65,4
4052,65,4
4053,65,4
4054,65,4
4055,65,4
4056,65,4
4057,65,4
4058,90,4
4059,90,4
4060,90,4
4061,90,4
4062,90,4
4063,90,4
4064,90,4
4065,90,4
4066,90,4
4067,90,4
4068,90,4
4069,90,4
4070,90,4
4071,90,4
4072,90,4
4073,90,4
4074,90,4
4075,90,4
4076,90,4
4077,90,4
4078,90,4
4079,90,4
4080,90,4
4081,90,4
4082,90,4
4083,90,4
4084,90,4
4085,90,4
4086,90,4
4087,90,4
4088,90,4
4089,90,4
4090,90,4
4091,90,4
4092,90,4
4093,90,4
4094,90,4
4095,90,4
4096,90,4
4097,65,4
4098,90,4
4099,90,4
4100,90,4
4101,90,4
4102,90,4
4103,90,4
4104,90,4
4105,90,4
4106,90,4
4107,90,4
4108,90,4
4109,90,4
4110,90,4
4111,90,4
4112,90,4
4113,90,4
4114,90,4
4115,90,4
4116,90,4
4117,90,4
4118,90,4
4119,90,4
4120,90,4
4121,90,4
4122,90,4
4123,90,4
4124,90,4
4125,90,4
4126,90,4
4127,90,4
4128,90,4
4129,90,4
4130,90,4
4131,90,4
4132,90,4
4133,90,4
4134,90,4
4135,90,4
4136,90,4
4137,65,4
4138,65,4
4139,65,4
4140,65,4
4141,65,4
4142,65,4
4143,65,4
4144,65,4
4145,65,4
4146,65,4
4147,65,4
4148,65,4
4149,65,4
4150,65,4
4151,65,4
4152,65,4
4153,65,4
4154,65,4
4155,65,4
4156,65,4
4157,40,4
4158,40,4
4159,40,4
4160,40,4
4161,40,4
4162,40,4
4163,40,4
4164,40,4
4165,40,4
4166,40,4
4167,40,4
4168,40,4
4169,40,4
4170,40,4
4171,40,4
4172,40,4
4173,40,4
4174,40,4
4175,40,4
4176,65,4
4177,65,4
4178,65,4
4179,65,4
4180,65,4
4181,65,4
4182,65,4
4183,65,4
4184,65,4
4185,65,4
4186,65,4
4187,65,4
4188,65,4
4189,65,4
4190,65,4
4191,65,4
4192,65,4
4193,65,4
4194,65,4
4195,65,4
4196,65,4
4197,65,4
4198,65,4
4199,65,4
4200,65,4
4201,65,4
4202,65,4
4203,65,4
4204,65,4
4205,65,4
4206,65,4
4207,65,4
4208,65,4
4209,65,4
4210,65,4
4211,65,4
4212,65,4
4213,65,4
4214,65,4
4215,65,4
4216,65,4
4217,65,4
4218,65,4
4219,65,4
4220,65,4
4221,65,4
4222,65,4
4223,65,4
4224,65,4
4225,65,4
4226,65,4
4227,65,4
4228,65,4
4229,65,4
4230,65,4
4231,65,4
4232,65,4
4233,65,4
4234,65,4
4235,65,4
4236,65,4
4237,65,4
4238,65,4
4239,65,4
4240,65,4
4241,65,4
4242,65,4
4243,65,4
4244,65,4
4245,65,4
4246,65,4
4247,65,4
4248,65,4
4249,65,4
4250,65,4
4251,65,4
4252,65,4
4253,65,4
4254,65,4
4255,65,4
4256,65,4
4257,65,4
4258,65,4
4259,65,4
4260,65,4
4261,65,4
4262,65,4
4263,65,4
4264,65,4
4265,65,4
4266,65,4
4267,65,4
4268,65,4
4269,65,4
4270,65,4
4271,65,4
4272,65,4
4273,65,4
4274,65,4
4275,40,4
4276,40,4
4277,40,4
4278,40,4
4279,40,4
4280,40,4
4281,40,4
4282,40,4
4283,40,4
4284,40,4
4285,40,4
4286,40,4
4287,40,4
4288,40,4
4289,40,4
4290,40,4
4291,40,4
4292,40,4
4293,40,4
4294,65,4
4295,65,4
4296,65,4
4297,65,4
4298,65,4
4299,65,4
4300,65,4
4301,65,4
4302,65,4
4303,65,4
4304,65,4
4305,65,4
4306,65,4
4307,65,4
4308,65,4
4309,65,4
4310,65,4
4311,65,4
4312,65,4
4313,65,4
4314,65,4
4315,65,4
4316,65,4
4317,65,4
4318,65,4
4319,65,4
4320,65,4
4321,65,4
4322,65,4
4323,65,4
4324,65,4
4325,65,4
4326,65,4
4327,65,4
4328,65,4
4329,65,4
4330,65,4
4331,65,4
4332,65,4
4333,65,4
4334,70,2
4335,70,2
4336,70,2
4337,70,2
4338,70,2
4339,70,2
4340,70,2
4341,70,2
4342,70,2
4343,70,2
4344,70,2
4345,70,2
4346,70,2
4347,70,2
4348,70,2
4349,70,2
4350,70,2
4351,70,2
4352,70,2
4353,70,2
4354,70,2
4355,70,2
4356,70,2
4357,70,2
4358,70,2
4359,70,2
4360,70,2
4361,70,2
4362,70,2
4363,70,2
4364,70,2
4365,70,2
4366,70,2
4367,70,2
4368,70,2
4369,70,2
4370,70,2
4371,70,2
4372,70,2
4373,65,4
4374,65,4
4375,65,4
4376,65,4
4377,65,4
4378,65,4
4379,65,4
4380,65,4
4381,65,4
4382,65,4
4383,65,4
4384,65,4
4385,65,4
4386,65,4
4387,65,4
4388,65,4
4389,65,4
4390,65,4
4391,65,4
4392,65,4
4393,90,4
4394,90,4
4395,90,4
4396,90,4
4397,90,4
4398,90,4
4399,90,4
4400,90,4
4401,90,4
4402,90,4
4403,90,4
4404,90,4
4405,90,4
4406,90,4
4407,90,4
4408,90,4
4409,90,4
4410,90,4
4411,90,4
4412,90,4
4413,90,4
4414,90,4
4415,90,4
4416,90,4
4417,90,4
4418,90,4
4419,90,4
4420,90,4
4421,90,4
4422,90,4
4423,90,4
4424,90,4
4425,90,4
4426,90,4
4427,90,4
4428,90,4
4429,90,4
4430,90,4
4431,90,4
4432,65,4
4433,65,4
4434,65,4
4435,65,4
4436,65,4
4437,65,4
4438,65,4
4439,65,4
4440,65,4
4441,65,4
4442,65,4
4443,65,4
4444,65,4
4445,65,4
4446,65,4
4447,65,4
4448,65,4
4449,65,4
4450,65,4
4451,65,4
4452,40,4
4453,40,4
4454,40,4
4455,40,4
4456,40,4
4457,40,4
4458,40,4
4459,40,4
4460,40,4
4461,40,4
4462,40,4
4463,40,4
4464,40,4
4465,40,4
4466,40,4
4467,40,4
4468,40,4
4469,40,4
4470,40,4
4471,40,4
4472,90,4
4473,90,4
4474,90,4
4475,90,4
4476,90,4
4477,90,4
4478,90,4
4479,90,4
4480,90,4
4481,90,4
4482,90,4
4483,90,4
4484,90,4
4485,90,4
4486,90,4
4487,90,4
4488,90,4
4489,90,4
4490,90,4
4491,40,4
4492,40,4
4493,40,4
4494,40,4
4495,40,4
4496,40,4
4497,40,4
4498,40,4
4499,40,4
4500,40,4
4501,40,4
4502,40,4
4503,40,4
4504,40,4
4505,40,4
4506,40,4
4507,40,4
4508,40,4
4509,40,4
4510,40,4
4511,90,4
4512,90,4
4513,90,4
4514,90,4
4515,90,4
4516,90,4
4517,90,4
4518,90,4
4519,90,4
4520,90,4
4521,90,4
4522,90,4
4523,90,4
4524,90,4
4525,90,4
4526,90,4
4527,90,4
4528,90,4
4529,90,4
4530,90,4
4531,65,4
4532,65,4
4533,65,4
4534,65,4
4535,65,4
4536,65,4
4537,65,4
4538,65,4
4539,65,4
4540,65,4
4541,65,4
4542,65,4
4543,65,4
4544,65,4
4545,65,4
4546,65,4
4547,65,4
4548,65,4
4549,65,4
4550,90,4
4551,90,4
4552,90,4
4553,90,4
4554,90,4
4555,90,4
4556,90,4
4557,90,4
4558,90,4
4559,90,4
4560,90,4
4561,90,4
4562,90,4
4563,90,4
4564,90,4
4565,90,4
4566,90,4
4567,90,4
4568,90,4
4569,90,4
4570,65,4
4571,65,4
4572,65,4
4573,65,4
4574,65,4
4575,65,4
4576,65,4
4577,65,4
4578,65,4
4579,65,4
4580,65,4
4581,65,4
4582,65,4
4583,65,4
4584,65,4
4585,65,4
4586,65,4
4587,65,4
4588,65,4
4589,65,4
4590,90,4
4591,90,4
4592,90,4
4593,90,4
4594,90,4
4595,90,4
4596,90,4
4597,90,4
4598,90,4
4599,90,4
4600,90,4
4601,90,4
4602,90,4
4603,90,4
4604,90,4
4605,90,4
4606,90,4
4607,90,4
4608,90,4
4609,90,4
4610,40,4
4611,40,4
4612,40,4
4613,40,4
4614,40,4
4615,40,4
4616,40,4
4617,40,4
4618,40,4
4619,40,4
4620,40,4
4621,40,4
4622,40,4
4623,40,4
4624,40,4
4625,40,4
4626,40,4
4627,40,4
4628,40,4
4629,40,4
4630,40,4
4631,40,4
4632,40,4
4633,40,4
4634,40,4
4635,40,4
4636,40,4
4637,40,4
4638,40,4
4639,40,4
4640,40,4
4641,40,4
4642,40,4
4643,40,4
4644,40,4
4645,40,4
4646,40,4
4647,40,4
4648,40,4
4649,65,4
4650,65,4
4651,65,4
4652,65,4
4653,65,4
4654,65,4
4655,65,4
4656,65,4
4657,65,4
4658,65,4
4659,65,4
4660,65,4
4661,65,4
4662,65,4
4663,65,4
4664,65,4
4665,65,4
4666,65,4
4667,65,4
4668,65,4
4669,65,4
4670,65,4
4671,65,4
4672,65,4
4673,65,4
4674,65,4
4675,65,4
4676,65,4
4677,65,4
4678,65,4
4679,65,4
4680,65,4
4681,65,4
4682,65,4
4683,65,4
4684,65,4
4685,65,4
4686,65,4
4687,65,4
4688,40,4
4689,65,4
4690,65,4
4691,65,4
4692,65,4
4693,65,4
4694,65,4
4695,65,4
4696,65,4
4697,65,4
4698,65,4
4699,65,4
4700,65,4
4701,65,4
4702,65,4
4703,65,4
4704,65,4
4705,65,4
4706,65,4
4707,65,4
4708,65,4
4709,65,4
4710,65,4
4711,65,4
4712,65,4
4713,65,4
4714,65,4
4715,65,4
4716,65,4
4717,65,4
4718,65,4
4719,65,4
4720,65,4
4721,65,4
4722,65,4
4723,65,4
4724,65,4
4725,65,4
4726,65,4
4727,65,4
4728,55,3
4729,55,3
4730,55,3
4731,55,3
4732,55,3
4733,55,3
4734,55,3
4735,55,3
4736,55,3
4737,55,3
4738,55,3
4739,55,3
4740,55,3
4741,55,3
4742,55,3
4743,55,3
4744,55,3
4745,55,3
4746,55,3
4747,55,3
4748,0,0
